-- AUTOGENERATED by scripts/gen-seed.mjs — do not edit by hand.
-- Re-run: npm run seed:gen

INSERT OR REPLACE INTO products (id, category, look, price_now, price_old, default_size, active, sort) VALUES ('p1', 'furniture', 'sofa', 780, 980, 1, 1, 0);
INSERT OR REPLACE INTO product_i18n (product_id, lang, name, category_label, description, sizes, specs) VALUES ('p1', 'ru', 'Садовый диван «Лагуна»', 'Садовая мебель', 'Садовая мебель из искусственного ротанга на лёгком алюминиевом каркасе. Плотное ручное плетение не выгорает на солнце, не боится дождя и перепадов температур — комплект круглый год может стоять на террасе, во дворе или в саду.', '["2-местный","3-местный","Угловой"]', '{"mat":"Искусственный ротанг + алюминий","dim":"С подушками, всесезонный","fin":"UV-стойкое плетение","wt":"Каркас алюминий","seat":"Терраса, двор, сад","made":"Ташкент, ручная работа"}');
INSERT OR REPLACE INTO product_i18n (product_id, lang, name, category_label, description, sizes, specs) VALUES ('p1', 'uz', '«Laguna» bog‘ divani', 'Bog‘ mebeli', 'Yengil alyumin karkasdagi sun’iy rotangdan bog‘ mebeli. Zich qo‘l to‘quvi quyoshda rangini yo‘qotmaydi, yomg‘ir va harorat o‘zgarishidan qo‘rqmaydi — to‘plam yil bo‘yi terassa, hovli yoki bog‘da turishi mumkin.', '["2 o‘rinli","3 o‘rinli","Burchak"]', '{"mat":"Sun’iy rotang + alyumin","dim":"Yostiqlar bilan, har faslga","fin":"UV-chidamli to‘quv","wt":"Alyumin karkas","seat":"Terassa, hovli, bog‘","made":"Toshkent, qo‘l mehnati"}');
INSERT OR REPLACE INTO product_i18n (product_id, lang, name, category_label, description, sizes, specs) VALUES ('p1', 'en', 'Laguna Garden Sofa', 'Garden furniture', 'Garden furniture in synthetic rattan over a light aluminium frame. The dense hand-weave won''t fade in the sun and shrugs off rain and temperature swings — the set can stay on the terrace, in the yard or garden all year round.', '["2-seater","3-seater","Corner"]', '{"mat":"Synthetic rattan + aluminium","dim":"With cushions, all-season","fin":"UV-stable weave","wt":"Aluminium frame","seat":"Terrace, yard, garden","made":"Tashkent, by hand"}');

INSERT OR REPLACE INTO products (id, category, look, price_now, price_old, default_size, active, sort) VALUES ('p2', 'furniture', 'lounge', 340, 420, 1, 1, 1);
INSERT OR REPLACE INTO product_i18n (product_id, lang, name, category_label, description, sizes, specs) VALUES ('p2', 'ru', 'Кресло «Бали»', 'Садовая мебель', 'Садовая мебель из искусственного ротанга на лёгком алюминиевом каркасе. Плотное ручное плетение не выгорает на солнце, не боится дождя и перепадов температур — комплект круглый год может стоять на террасе, во дворе или в саду.', '["2-местный","3-местный","Угловой"]', '{"mat":"Искусственный ротанг + алюминий","dim":"С подушками, всесезонный","fin":"UV-стойкое плетение","wt":"Каркас алюминий","seat":"Терраса, двор, сад","made":"Ташкент, ручная работа"}');
INSERT OR REPLACE INTO product_i18n (product_id, lang, name, category_label, description, sizes, specs) VALUES ('p2', 'uz', '«Bali» kreslo', 'Bog‘ mebeli', 'Yengil alyumin karkasdagi sun’iy rotangdan bog‘ mebeli. Zich qo‘l to‘quvi quyoshda rangini yo‘qotmaydi, yomg‘ir va harorat o‘zgarishidan qo‘rqmaydi — to‘plam yil bo‘yi terassa, hovli yoki bog‘da turishi mumkin.', '["2 o‘rinli","3 o‘rinli","Burchak"]', '{"mat":"Sun’iy rotang + alyumin","dim":"Yostiqlar bilan, har faslga","fin":"UV-chidamli to‘quv","wt":"Alyumin karkas","seat":"Terassa, hovli, bog‘","made":"Toshkent, qo‘l mehnati"}');
INSERT OR REPLACE INTO product_i18n (product_id, lang, name, category_label, description, sizes, specs) VALUES ('p2', 'en', 'Bali Lounge Chair', 'Garden furniture', 'Garden furniture in synthetic rattan over a light aluminium frame. The dense hand-weave won''t fade in the sun and shrugs off rain and temperature swings — the set can stay on the terrace, in the yard or garden all year round.', '["2-seater","3-seater","Corner"]', '{"mat":"Synthetic rattan + aluminium","dim":"With cushions, all-season","fin":"UV-stable weave","wt":"Aluminium frame","seat":"Terrace, yard, garden","made":"Tashkent, by hand"}');

INSERT OR REPLACE INTO products (id, category, look, price_now, price_old, default_size, active, sort) VALUES ('p3', 'planter', 'planterT', 95, 130, 1, 1, 2);
INSERT OR REPLACE INTO product_i18n (product_id, lang, name, category_label, description, sizes, specs) VALUES ('p3', 'ru', 'Кашпо «Колонна»', 'Кашпо', 'Кашпо, плетённое вручную из искусственного ротанга, со скрытым внутренним вкладышем и дренажом. Лёгкое, не гниёт и не трескается — одинаково хорошо смотрится с живыми растениями дома, на балконе и в саду.', '["Ø30 см","Ø40 см","Ø55 см"]', '{"mat":"Искусственный ротанг","dim":"Со вкладышем и дренажом","fin":"Влагостойкое плетение","wt":"Лёгкое","seat":"Дом, балкон, сад","made":"Ташкент, ручная работа"}');
INSERT OR REPLACE INTO product_i18n (product_id, lang, name, category_label, description, sizes, specs) VALUES ('p3', 'uz', '«Kolonna» gultuvak', 'Gultuvak', 'Sun’iy rotangdan qo‘lda to‘qilgan gultuvak, yashirin ichki vkladish va drenaj bilan. Yengil, chirimaydi va yorilmaydi — uy, balkon va bog‘da jonli o‘simliklar bilan birdek chiroyli ko‘rinadi.', '["Ø30 sm","Ø40 sm","Ø55 sm"]', '{"mat":"Sun’iy rotang","dim":"Vkladish va drenaj bilan","fin":"Namlikka chidamli to‘quv","wt":"Yengil","seat":"Uy, balkon, bog‘","made":"Toshkent, qo‘l mehnati"}');
INSERT OR REPLACE INTO product_i18n (product_id, lang, name, category_label, description, sizes, specs) VALUES ('p3', 'en', 'Colonna Planter', 'Planter', 'A planter hand-woven from synthetic rattan, with a hidden inner liner and drainage. Light, rot- and crack-proof — it looks equally good with live plants indoors, on the balcony and in the garden.', '["Ø30 cm","Ø40 cm","Ø55 cm"]', '{"mat":"Synthetic rattan","dim":"With liner & drainage","fin":"Moisture-resistant weave","wt":"Lightweight","seat":"Home, balcony, garden","made":"Tashkent, by hand"}');

INSERT OR REPLACE INTO products (id, category, look, price_now, price_old, default_size, active, sort) VALUES ('p4', 'furniture', 'dining', 1180, 0, 1, 1, 3);
INSERT OR REPLACE INTO product_i18n (product_id, lang, name, category_label, description, sizes, specs) VALUES ('p4', 'ru', 'Обеденная группа «Терраса»', 'Садовая мебель', 'Садовая мебель из искусственного ротанга на лёгком алюминиевом каркасе. Плотное ручное плетение не выгорает на солнце, не боится дождя и перепадов температур — комплект круглый год может стоять на террасе, во дворе или в саду.', '["2-местный","3-местный","Угловой"]', '{"mat":"Искусственный ротанг + алюминий","dim":"С подушками, всесезонный","fin":"UV-стойкое плетение","wt":"Каркас алюминий","seat":"Терраса, двор, сад","made":"Ташкент, ручная работа"}');
INSERT OR REPLACE INTO product_i18n (product_id, lang, name, category_label, description, sizes, specs) VALUES ('p4', 'uz', '«Terrasa» ovqat to‘plami', 'Bog‘ mebeli', 'Yengil alyumin karkasdagi sun’iy rotangdan bog‘ mebeli. Zich qo‘l to‘quvi quyoshda rangini yo‘qotmaydi, yomg‘ir va harorat o‘zgarishidan qo‘rqmaydi — to‘plam yil bo‘yi terassa, hovli yoki bog‘da turishi mumkin.', '["2 o‘rinli","3 o‘rinli","Burchak"]', '{"mat":"Sun’iy rotang + alyumin","dim":"Yostiqlar bilan, har faslga","fin":"UV-chidamli to‘quv","wt":"Alyumin karkas","seat":"Terassa, hovli, bog‘","made":"Toshkent, qo‘l mehnati"}');
INSERT OR REPLACE INTO product_i18n (product_id, lang, name, category_label, description, sizes, specs) VALUES ('p4', 'en', 'Terrace Dining Set', 'Garden furniture', 'Garden furniture in synthetic rattan over a light aluminium frame. The dense hand-weave won''t fade in the sun and shrugs off rain and temperature swings — the set can stay on the terrace, in the yard or garden all year round.', '["2-seater","3-seater","Corner"]', '{"mat":"Synthetic rattan + aluminium","dim":"With cushions, all-season","fin":"UV-stable weave","wt":"Aluminium frame","seat":"Terrace, yard, garden","made":"Tashkent, by hand"}');

INSERT OR REPLACE INTO products (id, category, look, price_now, price_old, default_size, active, sort) VALUES ('p5', 'furniture', 'chair', 260, 340, 1, 1, 4);
INSERT OR REPLACE INTO product_i18n (product_id, lang, name, category_label, description, sizes, specs) VALUES ('p5', 'ru', 'Кресло «Ривьера»', 'Садовая мебель', 'Садовая мебель из искусственного ротанга на лёгком алюминиевом каркасе. Плотное ручное плетение не выгорает на солнце, не боится дождя и перепадов температур — комплект круглый год может стоять на террасе, во дворе или в саду.', '["2-местный","3-местный","Угловой"]', '{"mat":"Искусственный ротанг + алюминий","dim":"С подушками, всесезонный","fin":"UV-стойкое плетение","wt":"Каркас алюминий","seat":"Терраса, двор, сад","made":"Ташкент, ручная работа"}');
INSERT OR REPLACE INTO product_i18n (product_id, lang, name, category_label, description, sizes, specs) VALUES ('p5', 'uz', '«Rivyera» kreslo', 'Bog‘ mebeli', 'Yengil alyumin karkasdagi sun’iy rotangdan bog‘ mebeli. Zich qo‘l to‘quvi quyoshda rangini yo‘qotmaydi, yomg‘ir va harorat o‘zgarishidan qo‘rqmaydi — to‘plam yil bo‘yi terassa, hovli yoki bog‘da turishi mumkin.', '["2 o‘rinli","3 o‘rinli","Burchak"]', '{"mat":"Sun’iy rotang + alyumin","dim":"Yostiqlar bilan, har faslga","fin":"UV-chidamli to‘quv","wt":"Alyumin karkas","seat":"Terassa, hovli, bog‘","made":"Toshkent, qo‘l mehnati"}');
INSERT OR REPLACE INTO product_i18n (product_id, lang, name, category_label, description, sizes, specs) VALUES ('p5', 'en', 'Riviera Armchair', 'Garden furniture', 'Garden furniture in synthetic rattan over a light aluminium frame. The dense hand-weave won''t fade in the sun and shrugs off rain and temperature swings — the set can stay on the terrace, in the yard or garden all year round.', '["2-seater","3-seater","Corner"]', '{"mat":"Synthetic rattan + aluminium","dim":"With cushions, all-season","fin":"UV-stable weave","wt":"Aluminium frame","seat":"Terrace, yard, garden","made":"Tashkent, by hand"}');

INSERT OR REPLACE INTO products (id, category, look, price_now, price_old, default_size, active, sort) VALUES ('p6', 'basket', 'chest', 180, 0, 1, 1, 5);
INSERT OR REPLACE INTO product_i18n (product_id, lang, name, category_label, description, sizes, specs) VALUES ('p6', 'ru', 'Сундук «Сафари»', 'Корзины и сундуки', 'Сундук и корзина для белья из искусственного ротанга с мягкой тканевой подкладкой и крышкой. Держит форму, не цепляет ткань и проветривается — для хранения белья, пледов, игрушек и мелочей в спальне или ванной.', '["S","M","L"]', '{"mat":"Искусственный ротанг + подкладка","dim":"С крышкой и подкладкой","fin":"Гладкое плетение","wt":"Складная подкладка","seat":"Бельё, пледы, хранение","made":"Ташкент, ручная работа"}');
INSERT OR REPLACE INTO product_i18n (product_id, lang, name, category_label, description, sizes, specs) VALUES ('p6', 'uz', '«Safari» sandiq', 'Savat va sandiq', 'Sun’iy rotangdan yumshoq mato astarli va qopqoqli sandiq hamda kir savati. Shaklini saqlaydi, matoga ilashmaydi va shamollatiladi — yotoqxona yoki hammomda kir, pled, o‘yinchoq va mayda buyumlar uchun.', '["S","M","L"]', '{"mat":"Sun’iy rotang + astar","dim":"Qopqoq va astar bilan","fin":"Silliq to‘quv","wt":"Yig‘iladigan astar","seat":"Kir, pled, saqlash","made":"Toshkent, qo‘l mehnati"}');
INSERT OR REPLACE INTO product_i18n (product_id, lang, name, category_label, description, sizes, specs) VALUES ('p6', 'en', 'Safari Chest', 'Baskets & chests', 'A chest and laundry basket in synthetic rattan with a soft fabric liner and lid. Holds its shape, won''t snag fabric and stays ventilated — for laundry, throws, toys and bits in the bedroom or bathroom.', '["S","M","L"]', '{"mat":"Synthetic rattan + liner","dim":"With lid & liner","fin":"Smooth weave","wt":"Foldable liner","seat":"Laundry, throws, storage","made":"Tashkent, by hand"}');

INSERT OR REPLACE INTO products (id, category, look, price_now, price_old, default_size, active, sort) VALUES ('p7', 'planter', 'planterS', 48, 64, 1, 1, 6);
INSERT OR REPLACE INTO product_i18n (product_id, lang, name, category_label, description, sizes, specs) VALUES ('p7', 'ru', 'Кашпо «Орбита»', 'Кашпо', 'Кашпо, плетённое вручную из искусственного ротанга, со скрытым внутренним вкладышем и дренажом. Лёгкое, не гниёт и не трескается — одинаково хорошо смотрится с живыми растениями дома, на балконе и в саду.', '["Ø30 см","Ø40 см","Ø55 см"]', '{"mat":"Искусственный ротанг","dim":"Со вкладышем и дренажом","fin":"Влагостойкое плетение","wt":"Лёгкое","seat":"Дом, балкон, сад","made":"Ташкент, ручная работа"}');
INSERT OR REPLACE INTO product_i18n (product_id, lang, name, category_label, description, sizes, specs) VALUES ('p7', 'uz', '«Orbita» gultuvak', 'Gultuvak', 'Sun’iy rotangdan qo‘lda to‘qilgan gultuvak, yashirin ichki vkladish va drenaj bilan. Yengil, chirimaydi va yorilmaydi — uy, balkon va bog‘da jonli o‘simliklar bilan birdek chiroyli ko‘rinadi.', '["Ø30 sm","Ø40 sm","Ø55 sm"]', '{"mat":"Sun’iy rotang","dim":"Vkladish va drenaj bilan","fin":"Namlikka chidamli to‘quv","wt":"Yengil","seat":"Uy, balkon, bog‘","made":"Toshkent, qo‘l mehnati"}');
INSERT OR REPLACE INTO product_i18n (product_id, lang, name, category_label, description, sizes, specs) VALUES ('p7', 'en', 'Orbita Planter', 'Planter', 'A planter hand-woven from synthetic rattan, with a hidden inner liner and drainage. Light, rot- and crack-proof — it looks equally good with live plants indoors, on the balcony and in the garden.', '["Ø30 cm","Ø40 cm","Ø55 cm"]', '{"mat":"Synthetic rattan","dim":"With liner & drainage","fin":"Moisture-resistant weave","wt":"Lightweight","seat":"Home, balcony, garden","made":"Tashkent, by hand"}');

INSERT OR REPLACE INTO products (id, category, look, price_now, price_old, default_size, active, sort) VALUES ('p8', 'furniture', 'chair', 155, 0, 1, 1, 7);
INSERT OR REPLACE INTO product_i18n (product_id, lang, name, category_label, description, sizes, specs) VALUES ('p8', 'ru', 'Стул «Сад»', 'Садовая мебель', 'Садовая мебель из искусственного ротанга на лёгком алюминиевом каркасе. Плотное ручное плетение не выгорает на солнце, не боится дождя и перепадов температур — комплект круглый год может стоять на террасе, во дворе или в саду.', '["2-местный","3-местный","Угловой"]', '{"mat":"Искусственный ротанг + алюминий","dim":"С подушками, всесезонный","fin":"UV-стойкое плетение","wt":"Каркас алюминий","seat":"Терраса, двор, сад","made":"Ташкент, ручная работа"}');
INSERT OR REPLACE INTO product_i18n (product_id, lang, name, category_label, description, sizes, specs) VALUES ('p8', 'uz', '«Sad» stul', 'Bog‘ mebeli', 'Yengil alyumin karkasdagi sun’iy rotangdan bog‘ mebeli. Zich qo‘l to‘quvi quyoshda rangini yo‘qotmaydi, yomg‘ir va harorat o‘zgarishidan qo‘rqmaydi — to‘plam yil bo‘yi terassa, hovli yoki bog‘da turishi mumkin.', '["2 o‘rinli","3 o‘rinli","Burchak"]', '{"mat":"Sun’iy rotang + alyumin","dim":"Yostiqlar bilan, har faslga","fin":"UV-chidamli to‘quv","wt":"Alyumin karkas","seat":"Terassa, hovli, bog‘","made":"Toshkent, qo‘l mehnati"}');
INSERT OR REPLACE INTO product_i18n (product_id, lang, name, category_label, description, sizes, specs) VALUES ('p8', 'en', 'Garden Chair', 'Garden furniture', 'Garden furniture in synthetic rattan over a light aluminium frame. The dense hand-weave won''t fade in the sun and shrugs off rain and temperature swings — the set can stay on the terrace, in the yard or garden all year round.', '["2-seater","3-seater","Corner"]', '{"mat":"Synthetic rattan + aluminium","dim":"With cushions, all-season","fin":"UV-stable weave","wt":"Aluminium frame","seat":"Terrace, yard, garden","made":"Tashkent, by hand"}');

INSERT OR REPLACE INTO products (id, category, look, price_now, price_old, default_size, active, sort) VALUES ('p9', 'planter', 'planterSet', 210, 280, 1, 1, 8);
INSERT OR REPLACE INTO product_i18n (product_id, lang, name, category_label, description, sizes, specs) VALUES ('p9', 'ru', 'Кашпо «Дюна», комплект', 'Кашпо', 'Кашпо, плетённое вручную из искусственного ротанга, со скрытым внутренним вкладышем и дренажом. Лёгкое, не гниёт и не трескается — одинаково хорошо смотрится с живыми растениями дома, на балконе и в саду.', '["Ø30 см","Ø40 см","Ø55 см"]', '{"mat":"Искусственный ротанг","dim":"Со вкладышем и дренажом","fin":"Влагостойкое плетение","wt":"Лёгкое","seat":"Дом, балкон, сад","made":"Ташкент, ручная работа"}');
INSERT OR REPLACE INTO product_i18n (product_id, lang, name, category_label, description, sizes, specs) VALUES ('p9', 'uz', '«Dyuna» gultuvak, to‘plam', 'Gultuvak', 'Sun’iy rotangdan qo‘lda to‘qilgan gultuvak, yashirin ichki vkladish va drenaj bilan. Yengil, chirimaydi va yorilmaydi — uy, balkon va bog‘da jonli o‘simliklar bilan birdek chiroyli ko‘rinadi.', '["Ø30 sm","Ø40 sm","Ø55 sm"]', '{"mat":"Sun’iy rotang","dim":"Vkladish va drenaj bilan","fin":"Namlikka chidamli to‘quv","wt":"Yengil","seat":"Uy, balkon, bog‘","made":"Toshkent, qo‘l mehnati"}');
INSERT OR REPLACE INTO product_i18n (product_id, lang, name, category_label, description, sizes, specs) VALUES ('p9', 'en', 'Dune Planter Set', 'Planter', 'A planter hand-woven from synthetic rattan, with a hidden inner liner and drainage. Light, rot- and crack-proof — it looks equally good with live plants indoors, on the balcony and in the garden.', '["Ø30 cm","Ø40 cm","Ø55 cm"]', '{"mat":"Synthetic rattan","dim":"With liner & drainage","fin":"Moisture-resistant weave","wt":"Lightweight","seat":"Home, balcony, garden","made":"Tashkent, by hand"}');

INSERT OR REPLACE INTO products (id, category, look, price_now, price_old, default_size, active, sort) VALUES ('p10', 'furniture', 'corner', 1640, 1990, 1, 1, 9);
INSERT OR REPLACE INTO product_i18n (product_id, lang, name, category_label, description, sizes, specs) VALUES ('p10', 'ru', 'Угловой диван «Оазис»', 'Садовая мебель', 'Садовая мебель из искусственного ротанга на лёгком алюминиевом каркасе. Плотное ручное плетение не выгорает на солнце, не боится дождя и перепадов температур — комплект круглый год может стоять на террасе, во дворе или в саду.', '["2-местный","3-местный","Угловой"]', '{"mat":"Искусственный ротанг + алюминий","dim":"С подушками, всесезонный","fin":"UV-стойкое плетение","wt":"Каркас алюминий","seat":"Терраса, двор, сад","made":"Ташкент, ручная работа"}');
INSERT OR REPLACE INTO product_i18n (product_id, lang, name, category_label, description, sizes, specs) VALUES ('p10', 'uz', '«Oazis» burchak divani', 'Bog‘ mebeli', 'Yengil alyumin karkasdagi sun’iy rotangdan bog‘ mebeli. Zich qo‘l to‘quvi quyoshda rangini yo‘qotmaydi, yomg‘ir va harorat o‘zgarishidan qo‘rqmaydi — to‘plam yil bo‘yi terassa, hovli yoki bog‘da turishi mumkin.', '["2 o‘rinli","3 o‘rinli","Burchak"]', '{"mat":"Sun’iy rotang + alyumin","dim":"Yostiqlar bilan, har faslga","fin":"UV-chidamli to‘quv","wt":"Alyumin karkas","seat":"Terassa, hovli, bog‘","made":"Toshkent, qo‘l mehnati"}');
INSERT OR REPLACE INTO product_i18n (product_id, lang, name, category_label, description, sizes, specs) VALUES ('p10', 'en', 'Oasis Corner Sofa', 'Garden furniture', 'Garden furniture in synthetic rattan over a light aluminium frame. The dense hand-weave won''t fade in the sun and shrugs off rain and temperature swings — the set can stay on the terrace, in the yard or garden all year round.', '["2-seater","3-seater","Corner"]', '{"mat":"Synthetic rattan + aluminium","dim":"With cushions, all-season","fin":"UV-stable weave","wt":"Aluminium frame","seat":"Terrace, yard, garden","made":"Tashkent, by hand"}');

INSERT OR REPLACE INTO products (id, category, look, price_now, price_old, default_size, active, sort) VALUES ('p11', 'basket', 'laundry', 72, 0, 1, 1, 10);
INSERT OR REPLACE INTO product_i18n (product_id, lang, name, category_label, description, sizes, specs) VALUES ('p11', 'ru', 'Корзина для белья «Лён»', 'Корзины и сундуки', 'Сундук и корзина для белья из искусственного ротанга с мягкой тканевой подкладкой и крышкой. Держит форму, не цепляет ткань и проветривается — для хранения белья, пледов, игрушек и мелочей в спальне или ванной.', '["S","M","L"]', '{"mat":"Искусственный ротанг + подкладка","dim":"С крышкой и подкладкой","fin":"Гладкое плетение","wt":"Складная подкладка","seat":"Бельё, пледы, хранение","made":"Ташкент, ручная работа"}');
INSERT OR REPLACE INTO product_i18n (product_id, lang, name, category_label, description, sizes, specs) VALUES ('p11', 'uz', '«Len» kir savati', 'Savat va sandiq', 'Sun’iy rotangdan yumshoq mato astarli va qopqoqli sandiq hamda kir savati. Shaklini saqlaydi, matoga ilashmaydi va shamollatiladi — yotoqxona yoki hammomda kir, pled, o‘yinchoq va mayda buyumlar uchun.', '["S","M","L"]', '{"mat":"Sun’iy rotang + astar","dim":"Qopqoq va astar bilan","fin":"Silliq to‘quv","wt":"Yig‘iladigan astar","seat":"Kir, pled, saqlash","made":"Toshkent, qo‘l mehnati"}');
INSERT OR REPLACE INTO product_i18n (product_id, lang, name, category_label, description, sizes, specs) VALUES ('p11', 'en', 'Linen Laundry Basket', 'Baskets & chests', 'A chest and laundry basket in synthetic rattan with a soft fabric liner and lid. Holds its shape, won''t snag fabric and stays ventilated — for laundry, throws, toys and bits in the bedroom or bathroom.', '["S","M","L"]', '{"mat":"Synthetic rattan + liner","dim":"With lid & liner","fin":"Smooth weave","wt":"Foldable liner","seat":"Laundry, throws, storage","made":"Tashkent, by hand"}');

INSERT OR REPLACE INTO products (id, category, look, price_now, price_old, default_size, active, sort) VALUES ('p12', 'indoor', 'rocker', 290, 360, 1, 1, 11);
INSERT OR REPLACE INTO product_i18n (product_id, lang, name, category_label, description, sizes, specs) VALUES ('p12', 'ru', 'Кресло-качалка «Уют»', 'Мебель для дома', 'Мебель для дома из искусственного ротанга: лёгкая, тёплая на вид и практичная. Плетение не боится влаги и перепадов, легко протирается влажной тканью — под гостиную, спальню, прихожую или балкон.', '["Компакт","Стандарт","Большой"]', '{"mat":"Искусственный ротанг + каркас","dim":"Для интерьера, всесезонно","fin":"Гладкое плетение","wt":"Лёгкий каркас","seat":"Гостиная, спальня, балкон","made":"Ташкент, ручная работа"}');
INSERT OR REPLACE INTO product_i18n (product_id, lang, name, category_label, description, sizes, specs) VALUES ('p12', 'uz', '«Uyut» tebranma kreslo', 'Uy mebeli', 'Sun’iy rotangdan uy mebeli: yengil, ko‘rinishi issiq va amaliy. To‘quv namlik va o‘zgarishlardan qo‘rqmaydi, nam mato bilan oson artiladi — mehmonxona, yotoqxona, dahliz yoki balkon uchun.', '["Ixcham","Standart","Katta"]', '{"mat":"Sun’iy rotang + karkas","dim":"Interyer uchun, har faslga","fin":"Silliq to‘quv","wt":"Yengil karkas","seat":"Mehmonxona, yotoqxona, balkon","made":"Toshkent, qo‘l mehnati"}');
INSERT OR REPLACE INTO product_i18n (product_id, lang, name, category_label, description, sizes, specs) VALUES ('p12', 'en', 'Cosy Rocking Chair', 'Home furniture', 'Home furniture in synthetic rattan: light, warm-looking and practical. The weave shrugs off humidity and temperature swings and wipes clean with a damp cloth — right for the living room, bedroom, hallway or balcony.', '["Compact","Standard","Large"]', '{"mat":"Synthetic rattan + frame","dim":"For interiors, all-season","fin":"Smooth weave","wt":"Light frame","seat":"Living room, bedroom, balcony","made":"Tashkent, by hand"}');

INSERT OR REPLACE INTO products (id, category, look, price_now, price_old, default_size, active, sort) VALUES ('p13', 'indoor', 'coffee', 210, 0, 1, 1, 12);
INSERT OR REPLACE INTO product_i18n (product_id, lang, name, category_label, description, sizes, specs) VALUES ('p13', 'ru', 'Журнальный столик «Ротанг»', 'Мебель для дома', 'Мебель для дома из искусственного ротанга: лёгкая, тёплая на вид и практичная. Плетение не боится влаги и перепадов, легко протирается влажной тканью — под гостиную, спальню, прихожую или балкон.', '["Компакт","Стандарт","Большой"]', '{"mat":"Искусственный ротанг + каркас","dim":"Для интерьера, всесезонно","fin":"Гладкое плетение","wt":"Лёгкий каркас","seat":"Гостиная, спальня, балкон","made":"Ташкент, ручная работа"}');
INSERT OR REPLACE INTO product_i18n (product_id, lang, name, category_label, description, sizes, specs) VALUES ('p13', 'uz', '«Rotang» jurnal stoli', 'Uy mebeli', 'Sun’iy rotangdan uy mebeli: yengil, ko‘rinishi issiq va amaliy. To‘quv namlik va o‘zgarishlardan qo‘rqmaydi, nam mato bilan oson artiladi — mehmonxona, yotoqxona, dahliz yoki balkon uchun.', '["Ixcham","Standart","Katta"]', '{"mat":"Sun’iy rotang + karkas","dim":"Interyer uchun, har faslga","fin":"Silliq to‘quv","wt":"Yengil karkas","seat":"Mehmonxona, yotoqxona, balkon","made":"Toshkent, qo‘l mehnati"}');
INSERT OR REPLACE INTO product_i18n (product_id, lang, name, category_label, description, sizes, specs) VALUES ('p13', 'en', 'Rattan Coffee Table', 'Home furniture', 'Home furniture in synthetic rattan: light, warm-looking and practical. The weave shrugs off humidity and temperature swings and wipes clean with a damp cloth — right for the living room, bedroom, hallway or balcony.', '["Compact","Standard","Large"]', '{"mat":"Synthetic rattan + frame","dim":"For interiors, all-season","fin":"Smooth weave","wt":"Light frame","seat":"Living room, bedroom, balcony","made":"Tashkent, by hand"}');

INSERT OR REPLACE INTO products (id, category, look, price_now, price_old, default_size, active, sort) VALUES ('p14', 'indoor', 'cabinet', 540, 680, 1, 1, 13);
INSERT OR REPLACE INTO product_i18n (product_id, lang, name, category_label, description, sizes, specs) VALUES ('p14', 'ru', 'Комод «Плетёнка»', 'Мебель для дома', 'Мебель для дома из искусственного ротанга: лёгкая, тёплая на вид и практичная. Плетение не боится влаги и перепадов, легко протирается влажной тканью — под гостиную, спальню, прихожую или балкон.', '["Компакт","Стандарт","Большой"]', '{"mat":"Искусственный ротанг + каркас","dim":"Для интерьера, всесезонно","fin":"Гладкое плетение","wt":"Лёгкий каркас","seat":"Гостиная, спальня, балкон","made":"Ташкент, ручная работа"}');
INSERT OR REPLACE INTO product_i18n (product_id, lang, name, category_label, description, sizes, specs) VALUES ('p14', 'uz', '«Pletenka» komod', 'Uy mebeli', 'Sun’iy rotangdan uy mebeli: yengil, ko‘rinishi issiq va amaliy. To‘quv namlik va o‘zgarishlardan qo‘rqmaydi, nam mato bilan oson artiladi — mehmonxona, yotoqxona, dahliz yoki balkon uchun.', '["Ixcham","Standart","Katta"]', '{"mat":"Sun’iy rotang + karkas","dim":"Interyer uchun, har faslga","fin":"Silliq to‘quv","wt":"Yengil karkas","seat":"Mehmonxona, yotoqxona, balkon","made":"Toshkent, qo‘l mehnati"}');
INSERT OR REPLACE INTO product_i18n (product_id, lang, name, category_label, description, sizes, specs) VALUES ('p14', 'en', 'Wicker Dresser', 'Home furniture', 'Home furniture in synthetic rattan: light, warm-looking and practical. The weave shrugs off humidity and temperature swings and wipes clean with a damp cloth — right for the living room, bedroom, hallway or balcony.', '["Compact","Standard","Large"]', '{"mat":"Synthetic rattan + frame","dim":"For interiors, all-season","fin":"Smooth weave","wt":"Light frame","seat":"Living room, bedroom, balcony","made":"Tashkent, by hand"}');

INSERT OR REPLACE INTO products (id, category, look, price_now, price_old, default_size, active, sort) VALUES ('p15', 'indoor', 'shelf', 320, 390, 1, 1, 14);
INSERT OR REPLACE INTO product_i18n (product_id, lang, name, category_label, description, sizes, specs) VALUES ('p15', 'ru', 'Стеллаж «Ажур»', 'Мебель для дома', 'Мебель для дома из искусственного ротанга: лёгкая, тёплая на вид и практичная. Плетение не боится влаги и перепадов, легко протирается влажной тканью — под гостиную, спальню, прихожую или балкон.', '["Компакт","Стандарт","Большой"]', '{"mat":"Искусственный ротанг + каркас","dim":"Для интерьера, всесезонно","fin":"Гладкое плетение","wt":"Лёгкий каркас","seat":"Гостиная, спальня, балкон","made":"Ташкент, ручная работа"}');
INSERT OR REPLACE INTO product_i18n (product_id, lang, name, category_label, description, sizes, specs) VALUES ('p15', 'uz', '«Ajur» stellaj', 'Uy mebeli', 'Sun’iy rotangdan uy mebeli: yengil, ko‘rinishi issiq va amaliy. To‘quv namlik va o‘zgarishlardan qo‘rqmaydi, nam mato bilan oson artiladi — mehmonxona, yotoqxona, dahliz yoki balkon uchun.', '["Ixcham","Standart","Katta"]', '{"mat":"Sun’iy rotang + karkas","dim":"Interyer uchun, har faslga","fin":"Silliq to‘quv","wt":"Yengil karkas","seat":"Mehmonxona, yotoqxona, balkon","made":"Toshkent, qo‘l mehnati"}');
INSERT OR REPLACE INTO product_i18n (product_id, lang, name, category_label, description, sizes, specs) VALUES ('p15', 'en', 'Openwork Shelving Unit', 'Home furniture', 'Home furniture in synthetic rattan: light, warm-looking and practical. The weave shrugs off humidity and temperature swings and wipes clean with a damp cloth — right for the living room, bedroom, hallway or balcony.', '["Compact","Standard","Large"]', '{"mat":"Synthetic rattan + frame","dim":"For interiors, all-season","fin":"Smooth weave","wt":"Light frame","seat":"Living room, bedroom, balcony","made":"Tashkent, by hand"}');

INSERT OR REPLACE INTO articles (id, slug, status, published_at) VALUES (1, 'iskusstvennyy-rotang', 'published', datetime('now'));
INSERT OR REPLACE INTO article_i18n (article_id, lang, title, excerpt, body) VALUES (1, 'ru', 'Что такое искусственный ротанг', 'Разбираемся, из чего сделано плетение и почему оно служит годами.', 'Искусственный ротанг — это прочное волокно, окрашенное в массе. Оно не выгорает на солнце, не боится влаги и мороза и не требует особого ухода.');
INSERT OR REPLACE INTO article_i18n (article_id, lang, title, excerpt, body) VALUES (1, 'uz', 'Sun''iy rotang nima', 'To''quv nimadan tayyorlangani va nega yillar xizmat qilishini ko''ramiz.', 'Sun''iy rotang — massasiga bo''yalgan mustahkam tola. Quyoshda rangi o''chmaydi, namlik va sovuqdan qo''rqmaydi va alohida parvarish talab qilmaydi.');
INSERT OR REPLACE INTO article_i18n (article_id, lang, title, excerpt, body) VALUES (1, 'en', 'What is synthetic rattan', 'A look at what the weave is made of and why it lasts for years.', 'Synthetic rattan is a durable fibre dyed all the way through. It won''t fade in the sun, isn''t afraid of moisture or frost and needs no special care.');

INSERT OR REPLACE INTO settings (key, value) VALUES ('phone', '+998 71 200 18 46');
INSERT OR REPLACE INTO settings (key, value) VALUES ('whatsapp', '998712001846');
INSERT OR REPLACE INTO settings (key, value) VALUES ('telegram', 'bententrade');
INSERT OR REPLACE INTO settings (key, value) VALUES ('email', 'hello@bententrade.uz');
